id,alias,name,image_url,is_closed,url,review_count,categories/0/alias,categories/0/title,rating,coordinates/latitude,coordinates/longitude,transactions/0,transactions/1,location/address1,location/address2,location/address3,location/city,location/zip_code,location/country,location/state,location/display_address/0,location/display_address/1,phone,display_phone,distance,price,location/display_address/2,categories/1/alias,categories/1/title,categories/2/alias,categories/2/title
uAClDzKuffu9EilZ61pP0A,tacos-el-trompo-san-diego-2,Tacos el Trompo,https://s3-media1.fl.yelpcdn.com/bphoto/4mwwULdpt5gGi49-JkmMyQ/o.jpg,false,https://www.yelp.com/biz/tacos-el-trompo-san-diego-2?adjust_creative=MWxVGaN-wwQ0ihWaIfhrqQ&utm_campaign=yelp_api_v3&utm_medium=api_v3_business_search&utm_source=MWxVGaN-wwQ0ihWaIfhrqQ,6,mexican,Mexican,4.5,32.7852176,-117.252822,delivery,pickup,3819 Mission Blvd,,,San Diego,92109,US,CA,3819 Mission Blvd,"San Diego, CA 92109",+18583526706,(858) 352-6706,9249.198891924463,,,,,,
DAZ6F_1zDZp3qa6X1OjuCg,city-tacos-san-diego,City Tacos,https://s3-media3.fl.yelpcdn.com/bphoto/s0Z9Zic1xLzty6BXXAGsgg/o.jpg,false,https://www.yelp.com/biz/city-tacos-san-diego?adjust_creative=MWxVGaN-wwQ0ihWaIfhrqQ&utm_campaign=yelp_api_v3&utm_medium=api_v3_business_search&utm_source=MWxVGaN-wwQ0ihWaIfhrqQ,1940,tacos,Tacos,4.5,32.74885802959357,-117.12943449824668,delivery,,3028 University Ave,,,San Diego,92104,US,CA,3028 University Ave,"San Diego, CA 92104",+16192962303,(619) 296-2303,5179.104840792347,$,,,,,
L2Bhgxgt6CCUZuisKXbJmg,crack-taco-shop-san-diego,CRACK Taco Shop,https://s3-media2.fl.yelpcdn.com/bphoto/P2q67uEJtjrE26fcBfuAwg/o.jpg,false,https://www.yelp.com/biz/crack-taco-shop-san-diego?adjust_creative=MWxVGaN-wwQ0ihWaIfhrqQ&utm_campaign=yelp_api_v3&utm_medium=api_v3_business_search&utm_source=MWxVGaN-wwQ0ihWaIfhrqQ,500,tacos,Tacos,4,32.7803100019414,-117.103043161333,delivery,pickup,4242 Camino Del Rio N,Ste 28,,San Diego,92108,US,CA,4242 Camino Del Rio N,Ste 28,+16192692828,(619) 269-2828,4905.809147639643,,"San Diego, CA 92108",,,,
TMPbnPfCRUv7adgOKwJ3wA,tacos-el-panson-san-diego,Tacos El Panson,https://s3-media1.fl.yelpcdn.com/bphoto/B1F0475bQcM8IVMbxVs_EQ/o.jpg,false,https://www.yelp.com/biz/tacos-el-panson-san-diego?adjust_creative=MWxVGaN-wwQ0ihWaIfhrqQ&utm_campaign=yelp_api_v3&utm_medium=api_v3_business_search&utm_source=MWxVGaN-wwQ0ihWaIfhrqQ,346,latin,Latin American,4.5,32.75486,-117.09907,delivery,,4433 El Cajon Blvd,,,San Diego,92115,US,CA,4433 El Cajon Blvd,"San Diego, CA 92115",+16192412222,(619) 241-2222,6495.604013282882,$,,tacos,Tacos,,
jjkHyoBlzNMnHJNXwyxsJQ,the-taco-stand-san-diego-6,The Taco Stand,https://s3-media3.fl.yelpcdn.com/bphoto/dhkmGslQsBUenBaz6I0_Uw/o.jpg,false,https://www.yelp.com/biz/the-taco-stand-san-diego-6?adjust_creative=MWxVGaN-wwQ0ihWaIfhrqQ&utm_campaign=yelp_api_v3&utm_medium=api_v3_business_search&utm_source=MWxVGaN-wwQ0ihWaIfhrqQ,422,mexican,Mexican,4,32.7411646431234,-117.129678681992,delivery,pickup,3000 Upas St,Ste 105,,San Diego,92104,US,CA,3000 Upas St,Ste 105,+16197958797,(619) 795-8797,5948.623661662907,$,"San Diego, CA 92104",foodstands,Food Stands,,
EGj92CH6mWFiRvHB1zyMAw,lucha-libre-gourmet-taco-shop-san-diego,Lucha Libre Gourmet Taco Shop,https://s3-media4.fl.yelpcdn.com/bphoto/58q54BEr7a9JZFAwOoaBbQ/o.jpg,false,https://www.yelp.com/biz/lucha-libre-gourmet-taco-shop-san-diego?adjust_creative=MWxVGaN-wwQ0ihWaIfhrqQ&utm_campaign=yelp_api_v3&utm_medium=api_v3_business_search&utm_source=MWxVGaN-wwQ0ihWaIfhrqQ,7825,mexican,Mexican,4,32.743229,-117.181628,delivery,pickup,1810 W Washington St,,,San Diego,92103,US,CA,1810 W Washington St,"San Diego, CA 92103",+16192968226,(619) 296-8226,5860.274607644788,$,,,,,
dBtZR2CB8PVxndyF6K2wAQ,the-taco-stand-la-jolla,The Taco Stand,https://s3-media1.fl.yelpcdn.com/bphoto/76K7pGZt3P0ddwfrBVWyNg/o.jpg,false,https://www.yelp.com/biz/the-taco-stand-la-jolla?adjust_creative=MWxVGaN-wwQ0ihWaIfhrqQ&utm_campaign=yelp_api_v3&utm_medium=api_v3_business_search&utm_source=MWxVGaN-wwQ0ihWaIfhrqQ,3569,foodstands,Food Stands,4.5,32.8393664861151,-117.276808878945,delivery,pickup,621 Pearl St,,,La Jolla,92037,US,CA,621 Pearl St,"La Jolla, CA 92037",+18585516666,(858) 551-6666,12687.596125558744,$,,mexican,Mexican,,
B52EkpFK0GVtiJd17qokzA,las-panchitas-fresh-mexican-grill-san-diego-2,Las Panchitas Fresh Mexican Grill,https://s3-media4.fl.yelpcdn.com/bphoto/pDVaupHHtX6-HB9X6RXnpQ/o.jpg,false,https://www.yelp.com/biz/las-panchitas-fresh-mexican-grill-san-diego-2?adjust_creative=MWxVGaN-wwQ0ihWaIfhrqQ&utm_campaign=yelp_api_v3&utm_medium=api_v3_business_search&utm_source=MWxVGaN-wwQ0ihWaIfhrqQ,203,mexican,Mexican,4.5,32.8082291369159,-117.160630822289,delivery,pickup,3542 Ashford St,,,San Diego,92111,US,CA,3542 Ashford St,"San Diego, CA 92111",+18588746710,(858) 874-6710,2056.825199380479,$,,,,,
OEuaXlUCRD3c5pOS5knIcg,mikes-taco-club-san-diego,Mike's Taco Club,https://s3-media2.fl.yelpcdn.com/bphoto/jLa8Bhyl5knv88JRssFWFA/o.jpg,false,https://www.yelp.com/biz/mikes-taco-club-san-diego?adjust_creative=MWxVGaN-wwQ0ihWaIfhrqQ&utm_campaign=yelp_api_v3&utm_medium=api_v3_business_search&utm_source=MWxVGaN-wwQ0ihWaIfhrqQ,1014,mexican,Mexican,4.5,32.74765,-117.25199,delivery,pickup,5060 Newport Ave,,,San Diego,92107,US,CA,5060 Newport Ave,"San Diego, CA 92107",,,10327.396619847415,$,,seafood,Seafood,bars,Bars
2HZnqrM_yLDd4s9MePXYKw,taco-time-san-diego,Taco Time,https://s3-media1.fl.yelpcdn.com/bphoto/L_wfGAy21EJKPfEMNVW8bw/o.jpg,false,https://www.yelp.com/biz/taco-time-san-diego?adjust_creative=MWxVGaN-wwQ0ihWaIfhrqQ&utm_campaign=yelp_api_v3&utm_medium=api_v3_business_search&utm_source=MWxVGaN-wwQ0ihWaIfhrqQ,20,mexican,Mexican,4.5,32.7831167411328,-117.172112330021,,,6882 Linda Vista Rd,,,San Diego,92111,US,CA,6882 Linda Vista Rd,"San Diego, CA 92111",+18586499807,(858) 649-9807,1878.0836852590753,$,,hotdogs,Fast Food,,
n6J_j_nUxl__kRZU9vbE6g,taqueria-los-chuchys-san-diego,Taqueria Los Chuchys,https://s3-media1.fl.yelpcdn.com/bphoto/U9RlZcvufvkieopnDoyskQ/o.jpg,false,https://www.yelp.com/biz/taqueria-los-chuchys-san-diego?adjust_creative=MWxVGaN-wwQ0ihWaIfhrqQ&utm_campaign=yelp_api_v3&utm_medium=api_v3_business_search&utm_source=MWxVGaN-wwQ0ihWaIfhrqQ,149,tacos,Tacos,4.5,32.71101,-117.16077,delivery,pickup,543 4th Ave,,,San Diego,92101,US,CA,543 4th Ave,"San Diego, CA 92101",+16193268385,(619) 326-8385,8872.76443219748,$,,,,,
8gtS-ugNXvM90hZgqjIWiw,lolitas-mexican-food-san-diego-5,Lolita's Mexican Food,https://s3-media1.fl.yelpcdn.com/bphoto/1j_X0AKF60gCZZKPTcv2_Q/o.jpg,false,https://www.yelp.com/biz/lolitas-mexican-food-san-diego-5?adjust_creative=MWxVGaN-wwQ0ihWaIfhrqQ&utm_campaign=yelp_api_v3&utm_medium=api_v3_business_search&utm_source=MWxVGaN-wwQ0ihWaIfhrqQ,2452,mexican,Mexican,4,32.832264,-117.160599,delivery,,7305 Clairemont Mesa Blvd,Ste A,,San Diego,92111,US,CA,7305 Clairemont Mesa Blvd,Ste A,+18588747983,(858) 874-7983,4676.0410374419325,$,"San Diego, CA 92111",,,,
33Pt6j__dIkO2nLzrj3HLw,chuys-taco-shop-san-diego,Chuy's Taco Shop,https://s3-media3.fl.yelpcdn.com/bphoto/Ob4r_a-qoGq2hbeSv0GcBw/o.jpg,false,https://www.yelp.com/biz/chuys-taco-shop-san-diego?adjust_creative=MWxVGaN-wwQ0ihWaIfhrqQ&utm_campaign=yelp_api_v3&utm_medium=api_v3_business_search&utm_source=MWxVGaN-wwQ0ihWaIfhrqQ,695,mexican,Mexican,4.5,32.76743,-117.05517,delivery,pickup,6663 El Cajon Blvd,Ste G,,San Diego,92115,US,CA,6663 El Cajon Blvd,Ste G,+16194697777,(619) 469-7777,9614.38823143559,$,"San Diego, CA 92115",,,,
SdjxzqHGth-Drdxpbl5eYA,salud-san-diego-5,Salud,https://s3-media4.fl.yelpcdn.com/bphoto/07hMlTJvE5FWdcGFLJqkqA/o.jpg,false,https://www.yelp.com/biz/salud-san-diego-5?adjust_creative=MWxVGaN-wwQ0ihWaIfhrqQ&utm_campaign=yelp_api_v3&utm_medium=api_v3_business_search&utm_source=MWxVGaN-wwQ0ihWaIfhrqQ,1570,mexican,Mexican,4,32.6981987270296,-117.13937100023,delivery,,2196 Logan Ave,,,San Diego,92113,US,CA,2196 Logan Ave,"San Diego, CA 92113",+16192553856,(619) 255-3856,10362.893264055758,$,,,,,
s2xzcM6Q22gy2P3Za-X61Q,coal-bros-taqueria-san-diego,Coal Bros Taqueria,https://s3-media4.fl.yelpcdn.com/bphoto/NdQ257iZIFh3IwPQ3O37tg/o.jpg,false,https://www.yelp.com/biz/coal-bros-taqueria-san-diego?adjust_creative=MWxVGaN-wwQ0ihWaIfhrqQ&utm_campaign=yelp_api_v3&utm_medium=api_v3_business_search&utm_source=MWxVGaN-wwQ0ihWaIfhrqQ,86,tacos,Tacos,5,32.71652,-117.16077,delivery,pickup,407 C St,,,San Diego,92101,US,CA,407 C St,"San Diego, CA 92101",+16194916389,(619) 491-6389,8250.223269626895,,,,,,
43BHmEbS7eBRxC7MFnqv7Q,las-cuatro-milpas-san-diego-2,Las Cuatro Milpas,https://s3-media4.fl.yelpcdn.com/bphoto/FO2K895XPJQ2JmRekZEuBA/o.jpg,false,https://www.yelp.com/biz/las-cuatro-milpas-san-diego-2?adjust_creative=MWxVGaN-wwQ0ihWaIfhrqQ&utm_campaign=yelp_api_v3&utm_medium=api_v3_business_search&utm_source=MWxVGaN-wwQ0ihWaIfhrqQ,2155,mexican,Mexican,4.5,32.701918,-117.145135,,,1857 Logan Ave,,,San Diego,92113,US,CA,1857 Logan Ave,"San Diego, CA 92113",,,9893.033962715792,$,,breakfast_brunch,Breakfast & Brunch,,
ssJJPFuV6tTDgHYe2w9csQ,oscars-mexican-seafood-san-diego-3,Oscars Mexican Seafood,https://s3-media1.fl.yelpcdn.com/bphoto/nmtXm16znYiTmTIP5MQdBA/o.jpg,false,https://www.yelp.com/biz/oscars-mexican-seafood-san-diego-3?adjust_creative=MWxVGaN-wwQ0ihWaIfhrqQ&utm_campaign=yelp_api_v3&utm_medium=api_v3_business_search&utm_source=MWxVGaN-wwQ0ihWaIfhrqQ,2884,mexican,Mexican,4.5,32.808189,-117.260846,delivery,pickup,703 Turquoise St,,,San Diego,92109,US,CA,703 Turquoise St,"San Diego, CA 92109",+18584886392,(858) 488-6392,10169.337870676562,$,,seafood,Seafood,,
GZJQc4hMTibVNaS3_ksF-Q,la-playa-taco-shop-san-diego,La Playa Taco Shop,https://s3-media2.fl.yelpcdn.com/bphoto/y8Ei5lv5R-Gw__J4vAa7lg/o.jpg,false,https://www.yelp.com/biz/la-playa-taco-shop-san-diego?adjust_creative=MWxVGaN-wwQ0ihWaIfhrqQ&utm_campaign=yelp_api_v3&utm_medium=api_v3_business_search&utm_source=MWxVGaN-wwQ0ihWaIfhrqQ,1194,tacos,Tacos,4.5,32.78939,-117.25308,delivery,,3973 Mission Blvd,,,San Diego,92109,US,CA,3973 Mission Blvd,"San Diego, CA 92109",+18584887405,(858) 488-7405,9258.62822052106,$,,,,,
G490wIFt0esrvxXFvbqovQ,tj-birrieria-san-diego,TJ Birrieria,https://s3-media1.fl.yelpcdn.com/bphoto/QPJrpcTSu3yMKdloE-qmZQ/o.jpg,false,https://www.yelp.com/biz/tj-birrieria-san-diego?adjust_creative=MWxVGaN-wwQ0ihWaIfhrqQ&utm_campaign=yelp_api_v3&utm_medium=api_v3_business_search&utm_source=MWxVGaN-wwQ0ihWaIfhrqQ,94,mexican,Mexican,4,32.70126,-117.14751,delivery,,1794 Newton Ave,,,San Diego,92113,US,CA,1794 Newton Ave,"San Diego, CA 92113",+16192551634,(619) 255-1634,9952.959378018339,$,,,,,
8caDxhRrzu10eDmQACpMDA,tacos-el-cabrón-san-diego-3,Tacos El Cabrón,https://s3-media2.fl.yelpcdn.com/bphoto/15P9mQFQOczpwlirALs-OQ/o.jpg,false,https://www.yelp.com/biz/tacos-el-cabr%C3%B3n-san-diego-3?adjust_creative=MWxVGaN-wwQ0ihWaIfhrqQ&utm_campaign=yelp_api_v3&utm_medium=api_v3_business_search&utm_source=MWxVGaN-wwQ0ihWaIfhrqQ,399,mexican,Mexican,4,32.710719456919,-117.161089675616,delivery,pickup,532 4th Ave,,,San Diego,92101,US,CA,532 4th Ave,"San Diego, CA 92101",+16195017752,(619) 501-7752,8903.042066508553,$$,,,,,
NFM1TlNoEz9awvfonbfNrw,palmitos-mexican-eatery-san-diego-3,Palmitos Mexican Eatery,https://s3-media1.fl.yelpcdn.com/bphoto/8rTh_-w93AlZ-Of_SA3xrg/o.jpg,false,https://www.yelp.com/biz/palmitos-mexican-eatery-san-diego-3?adjust_creative=MWxVGaN-wwQ0ihWaIfhrqQ&utm_campaign=yelp_api_v3&utm_medium=api_v3_business_search&utm_source=MWxVGaN-wwQ0ihWaIfhrqQ,300,mexican,Mexican,4,32.8341,-117.1796,delivery,pickup,5145 Clairemont Mesa Blvd,,,San Diego,92117,US,CA,5145 Clairemont Mesa Blvd,"San Diego, CA 92117",+18589741946,(858) 974-1946,5402.5552959005645,$,,,,,
cexxLL6wmxZGuBXGgKK-8Q,el-gordo-mexican-food-san-diego-3,El Gordo Mexican Food,https://s3-media2.fl.yelpcdn.com/bphoto/vZlS-l-EC4kPDiGwhpKPzg/o.jpg,false,https://www.yelp.com/biz/el-gordo-mexican-food-san-diego-3?adjust_creative=MWxVGaN-wwQ0ihWaIfhrqQ&utm_campaign=yelp_api_v3&utm_medium=api_v3_business_search&utm_source=MWxVGaN-wwQ0ihWaIfhrqQ,21,mexican,Mexican,4,32.82836855006261,-117.1537959,delivery,pickup,4768 Convoy St,,,San Diego,92111,US,CA,4768 Convoy St,"San Diego, CA 92111",+18582216530,(858) 221-6530,4203.155456466992,,,hotdogs,Fast Food,,
19x90_yOoljPPa-KDcLsLg,harrys-taco-club-san-diego,Harry's Taco Club,https://s3-media3.fl.yelpcdn.com/bphoto/Vgs01b04C8fbFbBuuQ3ukg/o.jpg,false,https://www.yelp.com/biz/harrys-taco-club-san-diego?adjust_creative=MWxVGaN-wwQ0ihWaIfhrqQ&utm_campaign=yelp_api_v3&utm_medium=api_v3_business_search&utm_source=MWxVGaN-wwQ0ihWaIfhrqQ,68,tacos,Tacos,5,32.7986742786113,-117.252488136292,delivery,pickup,4612 Cass St,,,San Diego,92109,US,CA,4612 Cass St,"San Diego, CA 92109",,,9242.174502799093,,,cocktailbars,Cocktail Bars,,
zCP7tTuUPkw9PeiyOp8FTw,el-zarape-restaurant-san-diego-4,El Zarape Restaurant,https://s3-media4.fl.yelpcdn.com/bphoto/yz0b5tH3IGaFblc_VicCRQ/o.jpg,false,https://www.yelp.com/biz/el-zarape-restaurant-san-diego-4?adjust_creative=MWxVGaN-wwQ0ihWaIfhrqQ&utm_campaign=yelp_api_v3&utm_medium=api_v3_business_search&utm_source=MWxVGaN-wwQ0ihWaIfhrqQ,2651,mexican,Mexican,4,32.7618065,-117.146379,delivery,,4642 Park Blvd,,,San Diego,92116,US,CA,4642 Park Blvd,"San Diego, CA 92116",+16196921652,(619) 692-1652,3278.3885011072834,$,,,,,
bCDi6bD9bCISqFZ3OyDbOg,vallarta-express-mexican-eatery-san-diego,Vallarta Express Mexican Eatery,https://s3-media3.fl.yelpcdn.com/bphoto/hfFoSPoS4KexxWQmkuqq_w/o.jpg,false,https://www.yelp.com/biz/vallarta-express-mexican-eatery-san-diego?adjust_creative=MWxVGaN-wwQ0ihWaIfhrqQ&utm_campaign=yelp_api_v3&utm_medium=api_v3_business_search&utm_source=MWxVGaN-wwQ0ihWaIfhrqQ,1376,mexican,Mexican,4,32.821346282959,-117.182472229004,delivery,,4277 Genesee Ave,,,San Diego,92117,US,CA,4277 Genesee Ave,"San Diego, CA 92117",+18585696945,(858) 569-6945,4339.998618265366,$,,,,,
06lBpQZ3Ye9w7zL8j_tFPw,tacos-el-gordo-chula-vista-6,Tacos El Gordo,https://s3-media3.fl.yelpcdn.com/bphoto/bzKLq8UMLT0uuF5xxYJjbg/o.jpg,false,https://www.yelp.com/biz/tacos-el-gordo-chula-vista-6?adjust_creative=MWxVGaN-wwQ0ihWaIfhrqQ&utm_campaign=yelp_api_v3&utm_medium=api_v3_business_search&utm_source=MWxVGaN-wwQ0ihWaIfhrqQ,5146,mexican,Mexican,4.5,32.62905,-117.08917,delivery,,556 Broadway,,,Chula Vista,91910,US,CA,556 Broadway,"Chula Vista, CA 91910",+16192717222,(619) 271-7222,18965.147084237233,$,,,,,
_kWPHb4a5PAON-E2CoOluQ,tacos-asadero-san-diego,Tacos Asadero,https://s3-media3.fl.yelpcdn.com/bphoto/XEiZm9dA19YlGmOv8UVBgA/o.jpg,false,https://www.yelp.com/biz/tacos-asadero-san-diego?adjust_creative=MWxVGaN-wwQ0ihWaIfhrqQ&utm_campaign=yelp_api_v3&utm_medium=api_v3_business_search&utm_source=MWxVGaN-wwQ0ihWaIfhrqQ,174,mexican,Mexican,4.5,33.00225,-117.059148,,,15721 Bernardo Heights Pkwy,,,San Diego,92128,US,CA,15721 Bernardo Heights Pkwy,"San Diego, CA 92128",+18585922600,(858) 592-2600,25153.621277075337,$,,,,,
whcQ3JRgfX-CJ-f3LQxDtw,picante-taqueria-mexican-grill-san-diego-6,Picante Taqueria Mexican Grill,https://s3-media3.fl.yelpcdn.com/bphoto/Y1yVGO3csbBai9Q4K6f-Ig/o.jpg,false,https://www.yelp.com/biz/picante-taqueria-mexican-grill-san-diego-6?adjust_creative=MWxVGaN-wwQ0ihWaIfhrqQ&utm_campaign=yelp_api_v3&utm_medium=api_v3_business_search&utm_source=MWxVGaN-wwQ0ihWaIfhrqQ,266,breakfast_brunch,Breakfast & Brunch,4,32.79329,-117.0982,delivery,pickup,6620 Mission Gorge Rd,,,San Diego,92120,US,CA,6620 Mission Gorge Rd,"San Diego, CA 92120",+16193589198,(619) 358-9198,5230.986512431691,$,,tacos,Tacos,,
1xNYUQqnSKcQPxN-sApuIQ,rigobertos-taco-shop-san-diego-2,Rigoberto's Taco Shop,https://s3-media2.fl.yelpcdn.com/bphoto/6UqhhD8VxeLmS0Cvh658-A/o.jpg,false,https://www.yelp.com/biz/rigobertos-taco-shop-san-diego-2?adjust_creative=MWxVGaN-wwQ0ihWaIfhrqQ&utm_campaign=yelp_api_v3&utm_medium=api_v3_business_search&utm_source=MWxVGaN-wwQ0ihWaIfhrqQ,816,tacos,Tacos,4,32.87994,-117.16208,delivery,,7094 Miramar Rd,,,San Diego,92121,US,CA,7094 Miramar Rd,"San Diego, CA 92121",+18582710170,(858) 271-0170,9949.517819456574,$,,,,,
xsm2uqj58l8QTqHxRgbMHQ,california-burritos-san-diego,California Burritos,https://s3-media3.fl.yelpcdn.com/bphoto/5bcQ1Qb6fdzttubwi_dQiA/o.jpg,false,https://www.yelp.com/biz/california-burritos-san-diego?adjust_creative=MWxVGaN-wwQ0ihWaIfhrqQ&utm_campaign=yelp_api_v3&utm_medium=api_v3_business_search&utm_source=MWxVGaN-wwQ0ihWaIfhrqQ,835,mexican,Mexican,4,32.79333,-117.15598,delivery,,7754 Starling Dr,,,San Diego,92123,US,CA,7754 Starling Dr,"San Diego, CA 92123",+18585691600,(858) 569-1600,370.6358028129525,$,,breakfast_brunch,Breakfast & Brunch,,
S7wOVlUXorhT1LWNDBPVDw,birrieria-la-loteria-san-diego,Birrieria La Loteria,https://s3-media4.fl.yelpcdn.com/bphoto/dU7lGRkdaz1febPc8Y4Ang/o.jpg,false,https://www.yelp.com/biz/birrieria-la-loteria-san-diego?adjust_creative=MWxVGaN-wwQ0ihWaIfhrqQ&utm_campaign=yelp_api_v3&utm_medium=api_v3_business_search&utm_source=MWxVGaN-wwQ0ihWaIfhrqQ,18,foodtrucks,Food Trucks,5,32.7403436,-117.0499749,,,6873 Federal Blvd,,,San Diego,91945,US,CA,6873 Federal Blvd,"San Diego, CA 91945",+16193924886,(619) 392-4886,11222.733872399245,,,tacos,Tacos,,
yqTK2VA22GUyhFofgI40TQ,los-panchos-san-diego-4,Los Panchos,https://s3-media1.fl.yelpcdn.com/bphoto/c1Fwl6ZRUdzyXqkEHGFLsA/o.jpg,false,https://www.yelp.com/biz/los-panchos-san-diego-4?adjust_creative=MWxVGaN-wwQ0ihWaIfhrqQ&utm_campaign=yelp_api_v3&utm_medium=api_v3_business_search&utm_source=MWxVGaN-wwQ0ihWaIfhrqQ,188,mexican,Mexican,4.5,32.76667,-117.18327,delivery,,6110 Friars Rd,Ste 101,,San Diego,92108,US,CA,6110 Friars Rd,Ste 101,+16192720626,(619) 272-0626,3808.9024235666748,$,"San Diego, CA 92108",,,,
O-j2jGY0OHDSJCIU8LjPBQ,taco-love-mobile-catering-san-diego,Taco Love Mobile Catering,https://s3-media1.fl.yelpcdn.com/bphoto/D4r4VuJwRSrbcVMO_3O9Yg/o.jpg,false,https://www.yelp.com/biz/taco-love-mobile-catering-san-diego?adjust_creative=MWxVGaN-wwQ0ihWaIfhrqQ&utm_campaign=yelp_api_v3&utm_medium=api_v3_business_search&utm_source=MWxVGaN-wwQ0ihWaIfhrqQ,26,tacos,Tacos,4.5,32.71108,-117.09483,,,4637 Market St,,,San Diego,92102,US,CA,4637 Market St,"San Diego, CA 92102",+16197159375,(619) 715-9375,10423.463027852487,$$,,foodtrucks,Food Trucks,,
p5eu9JPW8XT__f3afPQNyQ,kikos-place-seafood-san-diego,Kiko's Place Seafood,https://s3-media2.fl.yelpcdn.com/bphoto/E3Nm0kI1E7kfVSWabdREVw/o.jpg,false,https://www.yelp.com/biz/kikos-place-seafood-san-diego?adjust_creative=MWxVGaN-wwQ0ihWaIfhrqQ&utm_campaign=yelp_api_v3&utm_medium=api_v3_business_search&utm_source=MWxVGaN-wwQ0ihWaIfhrqQ,671,mexican,Mexican,4.5,32.77402,-117.15447,,,5494 Mission Center Rd,,,San Diego,92108,US,CA,5494 Mission Center Rd,"San Diego, CA 92108",+16193417397,(619) 341-7397,1847.0613172371038,$,,seafood,Seafood,foodtrucks,Food Trucks
Zc_r2V5Wb_QwryKU2ch3-A,the-taco-stand-san-diego-3,The Taco Stand,https://s3-media1.fl.yelpcdn.com/bphoto/xpFvMI329LXYz7Bxe2yqtQ/o.jpg,false,https://www.yelp.com/biz/the-taco-stand-san-diego-3?adjust_creative=MWxVGaN-wwQ0ihWaIfhrqQ&utm_campaign=yelp_api_v3&utm_medium=api_v3_business_search&utm_source=MWxVGaN-wwQ0ihWaIfhrqQ,817,mexican,Mexican,4,32.717624,-117.158631,delivery,pickup,645 B St,,,San Diego,92101,US,CA,645 B St,"San Diego, CA 92101",+16195460570,(619) 546-0570,8122.290292774126,$,,,,,
wL7Z4NJakeQ4yz9GSWki0A,ortizs-taco-shop-san-diego,Ortiz's Taco Shop,https://s3-media3.fl.yelpcdn.com/bphoto/QrZATKQb12Z9RhSDUCVREw/o.jpg,false,https://www.yelp.com/biz/ortizs-taco-shop-san-diego?adjust_creative=MWxVGaN-wwQ0ihWaIfhrqQ&utm_campaign=yelp_api_v3&utm_medium=api_v3_business_search&utm_source=MWxVGaN-wwQ0ihWaIfhrqQ,597,mexican,Mexican,4.5,32.74049,-117.22903,delivery,,3704 Voltaire St,,,San Diego,92107,US,CA,3704 Voltaire St,"San Diego, CA 92107",+16192224476,(619) 222-4476,8943.381255509492,$,,hotdogs,Fast Food,,
c2iFpIROV9OVK3wd24J0Tw,la-vecindad-neighborhood-tacos-san-diego-2,La Vecindad Neighborhood Tacos,https://s3-media3.fl.yelpcdn.com/bphoto/Cm9oF29wlGv5Z3QaeYoUZQ/o.jpg,false,https://www.yelp.com/biz/la-vecindad-neighborhood-tacos-san-diego-2?adjust_creative=MWxVGaN-wwQ0ihWaIfhrqQ&utm_campaign=yelp_api_v3&utm_medium=api_v3_business_search&utm_source=MWxVGaN-wwQ0ihWaIfhrqQ,998,tacos,Tacos,4.5,32.7476563,-117.1602513,delivery,,3827 5th Ave,,,San Diego,92103,US,CA,3827 5th Ave,"San Diego, CA 92103",+16195012885,(619) 501-2885,4819.13577936874,$$,,cocktailbars,Cocktail Bars,beerbar,Beer Bar
mzLGnmpwtrIgUeplJtmOOw,la-puerta-san-diego,La Puerta,https://s3-media4.fl.yelpcdn.com/bphoto/2A8xgPCHLPtwtpw0mvpVlw/o.jpg,false,https://www.yelp.com/biz/la-puerta-san-diego?adjust_creative=MWxVGaN-wwQ0ihWaIfhrqQ&utm_campaign=yelp_api_v3&utm_medium=api_v3_business_search&utm_source=MWxVGaN-wwQ0ihWaIfhrqQ,3761,mexican,Mexican,4,32.7110023498535,-117.161323547363,delivery,pickup,560 4th Ave,,,San Diego,92101,US,CA,560 4th Ave,"San Diego, CA 92101",+16196963466,(619) 696-3466,8853.637819078784,$$,,cocktailbars,Cocktail Bars,,
iGkLE8G0m2OBZXgOxqQm7w,oscars-mexican-seafood-san-diego-6,Oscars Mexican Seafood,https://s3-media2.fl.yelpcdn.com/bphoto/nWpy5z9l3F3jEyA4WpTNlw/o.jpg,false,https://www.yelp.com/biz/oscars-mexican-seafood-san-diego-6?adjust_creative=MWxVGaN-wwQ0ihWaIfhrqQ&utm_campaign=yelp_api_v3&utm_medium=api_v3_business_search&utm_source=MWxVGaN-wwQ0ihWaIfhrqQ,1612,seafood,Seafood,4,32.7486014556313,-117.15913947605,delivery,pickup,646 University Ave,,,San Diego,92103,US,CA,646 University Ave,"San Diego, CA 92103",+16192305560,(619) 230-5560,4690.501461499774,$,,mexican,Mexican,,
48IFYYRKXAlCn1JbCV3_bA,king-and-queen-cantina-san-diego,King and Queen Cantina,https://s3-media1.fl.yelpcdn.com/bphoto/hBCuZ0DdoihGUROQOHpMGA/o.jpg,false,https://www.yelp.com/biz/king-and-queen-cantina-san-diego?adjust_creative=MWxVGaN-wwQ0ihWaIfhrqQ&utm_campaign=yelp_api_v3&utm_medium=api_v3_business_search&utm_source=MWxVGaN-wwQ0ihWaIfhrqQ,2208,mexican,Mexican,4.5,32.720739304308594,-117.16932430783876,delivery,pickup,1490 Kettner Blvd,,,San Diego,92101,US,CA,1490 Kettner Blvd,"San Diego, CA 92101",+16197567864,(619) 756-7864,7894.462979138204,$$,,cocktailbars,Cocktail Bars,tapas,Tapas Bars
J0GLFRE_rcgrVp4K0joTsg,tacos-el-gordo-san-diego,Tacos El Gordo,https://s3-media2.fl.yelpcdn.com/bphoto/FaWIkPY_CIGwjMAz_6qbjg/o.jpg,false,https://www.yelp.com/biz/tacos-el-gordo-san-diego?adjust_creative=MWxVGaN-wwQ0ihWaIfhrqQ&utm_campaign=yelp_api_v3&utm_medium=api_v3_business_search&utm_source=MWxVGaN-wwQ0ihWaIfhrqQ,957,mexican,Mexican,3.5,32.58347,-117.06294,delivery,,3265 Palm Ave,,,San Diego,92154,US,CA,3265 Palm Ave,"San Diego, CA 92154",+16195757280,(619) 575-7280,24548.76794321491,$,,,,,
WsY64p6s4BG4wKeJaR0iyg,el-patron-traditional-mexican-grill-san-diego,El Patron Traditional Mexican Grill,https://s3-media2.fl.yelpcdn.com/bphoto/49l1CkNJc40UJ27-a5HuBw/o.jpg,false,https://www.yelp.com/biz/el-patron-traditional-mexican-grill-san-diego?adjust_creative=MWxVGaN-wwQ0ihWaIfhrqQ&utm_campaign=yelp_api_v3&utm_medium=api_v3_business_search&utm_source=MWxVGaN-wwQ0ihWaIfhrqQ,1187,mexican,Mexican,4,32.9174449,-117.1210759,delivery,pickup,9460 Mira Mesa Blvd,Ste H,,San Diego,92126,US,CA,9460 Mira Mesa Blvd,Ste H,+18585493467,(858) 549-3467,14620.370618064648,$,"San Diego, CA 92126",seafood,Seafood,,
kdjSNl1ciYCqWsa0qC6l1w,la-tiendita-de-linda-vista-san-diego-2,La Tiendita De Linda Vista,https://s3-media2.fl.yelpcdn.com/bphoto/rlRdc1KWXRPtd1r-dD4Tgw/o.jpg,false,https://www.yelp.com/biz/la-tiendita-de-linda-vista-san-diego-2?adjust_creative=MWxVGaN-wwQ0ihWaIfhrqQ&utm_campaign=yelp_api_v3&utm_medium=api_v3_business_search&utm_source=MWxVGaN-wwQ0ihWaIfhrqQ,82,mexican,Mexican,4.5,32.7837,-117.16926,delivery,pickup,2187 Ulric St,,,San Diego,92111,US,CA,2187 Ulric St,"San Diego, CA 92111",+18585656469,(858) 565-6469,1612.925974837034,$,,breakfast_brunch,Breakfast & Brunch,intlgrocery,International Grocery
iVWC7ivyOVNJsnxSreMopg,la-palapa-taco-shop-san-diego,La Palapa Taco Shop,https://s3-media3.fl.yelpcdn.com/bphoto/GOLRZe9i1H3elinbAxbhkw/o.jpg,false,https://www.yelp.com/biz/la-palapa-taco-shop-san-diego?adjust_creative=MWxVGaN-wwQ0ihWaIfhrqQ&utm_campaign=yelp_api_v3&utm_medium=api_v3_business_search&utm_source=MWxVGaN-wwQ0ihWaIfhrqQ,41,tacos,Tacos,4.5,32.823277,-117.214099,delivery,pickup,4386 Moraga Ave,,,San Diego,92117,US,CA,4386 Moraga Ave,"San Diego, CA 92117",+18584901190,(858) 490-1190,6687.746793171172,,,,,,
nR-vajlrKz0xPFqROagBtQ,lupes-mexican-eatery-san-diego,Lupe's Mexican Eatery,https://s3-media4.fl.yelpcdn.com/bphoto/J2RIFgDooRv4MLM5PkaPFQ/o.jpg,false,https://www.yelp.com/biz/lupes-mexican-eatery-san-diego?adjust_creative=MWxVGaN-wwQ0ihWaIfhrqQ&utm_campaign=yelp_api_v3&utm_medium=api_v3_business_search&utm_source=MWxVGaN-wwQ0ihWaIfhrqQ,708,mexican,Mexican,3.5,32.8012747770419,-117.157816924791,delivery,pickup,7621 Linda Vista Rd 101,,,San Diego,92111,US,CA,7621 Linda Vista Rd 101,"San Diego, CA 92111",+18582924067,(858) 292-4067,1248.0327230264993,$,,,,,
e8I1GAJgBdl2f8KksYCVNg,fit-tacos-san-diego-3,Fit Tacos ,https://s3-media2.fl.yelpcdn.com/bphoto/41SzlP8snleUCnR44eZiyw/o.jpg,false,https://www.yelp.com/biz/fit-tacos-san-diego-3?adjust_creative=MWxVGaN-wwQ0ihWaIfhrqQ&utm_campaign=yelp_api_v3&utm_medium=api_v3_business_search&utm_source=MWxVGaN-wwQ0ihWaIfhrqQ,32,catering,Caterers,5,32.8338314,-117.1462858,,,8262 Clairemont Blvd,,,San Diego,92111,US,CA,8262 Clairemont Blvd,"San Diego, CA 92111",+16196130266,(619) 613-0266,4865.38942188495,,,foodtrucks,Food Trucks,,
nFpDRtlF6eDASynCmMCnfQ,jvs-mexican-food-san-diego,JV's Mexican Food,https://s3-media1.fl.yelpcdn.com/bphoto/Vfy6O-Riawn2Fr8t2eEHfA/o.jpg,false,https://www.yelp.com/biz/jvs-mexican-food-san-diego?adjust_creative=MWxVGaN-wwQ0ihWaIfhrqQ&utm_campaign=yelp_api_v3&utm_medium=api_v3_business_search&utm_source=MWxVGaN-wwQ0ihWaIfhrqQ,1247,mexican,Mexican,4,32.76875,-117.20021,delivery,,1112 Morena Blvd,,,San Diego,92110,US,CA,1112 Morena Blvd,"San Diego, CA 92110",+16192760758,(619) 276-0758,4965.2872130408705,$,,,,,
ByT2w8djGeGYrVG1eBnb9w,mariscos-mi-gusto-es-san-diego-2,Mariscos Mi Gusto Es,https://s3-media4.fl.yelpcdn.com/bphoto/z5kX9QPkiGXUux-PjQqvyg/o.jpg,false,https://www.yelp.com/biz/mariscos-mi-gusto-es-san-diego-2?adjust_creative=MWxVGaN-wwQ0ihWaIfhrqQ&utm_campaign=yelp_api_v3&utm_medium=api_v3_business_search&utm_source=MWxVGaN-wwQ0ihWaIfhrqQ,266,mexican,Mexican,5,32.729069,-117.098941,,,4425 Home Ave,,,San Diego,92105,US,CA,4425 Home Ave,"San Diego, CA 92105",+16192745924,(619) 274-5924,8561.012879186888,$,,foodtrucks,Food Trucks,seafood,Seafood
lufX3zagRcN8yHCGh_xagA,city-tacos-la-mesa-2,City Tacos,https://s3-media2.fl.yelpcdn.com/bphoto/Ez2kLI-E0NaiERWhroARWQ/o.jpg,false,https://www.yelp.com/biz/city-tacos-la-mesa-2?adjust_creative=MWxVGaN-wwQ0ihWaIfhrqQ&utm_campaign=yelp_api_v3&utm_medium=api_v3_business_search&utm_source=MWxVGaN-wwQ0ihWaIfhrqQ,673,tacos,Tacos,4,32.7650642806573,-117.018342186508,delivery,pickup,8325 La Mesa Blvd,,,La Mesa,91942,US,CA,8325 La Mesa Blvd,"La Mesa, CA 91942",+16194677999,(619) 467-7999,13003.460242020055,$$,,,,,
SNYMxDXzG6W8drNVLenmKA,el-tianguis-san-diego,El Tianguis,https://s3-media1.fl.yelpcdn.com/bphoto/GzX9cK8MDJzfrpmWXTw6fQ/o.jpg,false,https://www.yelp.com/biz/el-tianguis-san-diego?adjust_creative=MWxVGaN-wwQ0ihWaIfhrqQ&utm_campaign=yelp_api_v3&utm_medium=api_v3_business_search&utm_source=MWxVGaN-wwQ0ihWaIfhrqQ,325,mexican,Mexican,4.5,32.7557,-117.13346,delivery,pickup,2810 El Cajon Blvd,,,San Diego,92104,US,CA,2810 El Cajon Blvd,"San Diego, CA 92104",+16196773581,(619) 677-3581,4324.41953287124,$,,gluten_free,Gluten-Free,,
